{"training time (s)": 71.878830909729, "model size (MB)": 3.2587928771972656, "CPU memory usage (GB)": 1.8615493774414062}