{"training time (s)": 434.58145809173584, "model size (MB)": 10.726003646850586, "CPU memory usage (GB)": 1.8793792724609375}