{"training time (s)": 1056.4605655670166, "model size (MB)": 8.22599983215332, "CPU memory usage (GB)": 1.7281150817871094}