{"training time (s)": 1374.7826890945435, "model size (MB)": 6.5518951416015625, "CPU memory usage (GB)": 1.7418174743652344}