{"training time (s)": 93.25484776496887, "model size (MB)": 9.788537979125977, "CPU memory usage (GB)": 1.7414512634277344}