{"training time (s)": 873.2761149406433, "model size (MB)": 10.726024627685547, "CPU memory usage (GB)": 1.8609352111816406}