{"training time (s)": 458.73949098587036, "model size (MB)": 10.726020812988281, "CPU memory usage (GB)": 1.8389739990234375}