{"training time (s)": 2328.6207463741302, "model size (MB)": 16.976003646850586, "CPU memory usage (GB)": 2.073638916015625}