{"training time (s)": 288.48112630844116, "model size (MB)": 10.726015090942383, "CPU memory usage (GB)": 1.8379631042480469}