{"training time (s)": 303.0180492401123, "model size (MB)": 10.726015090942383, "CPU memory usage (GB)": 1.8433456420898438}