{"training time (s)": 748.9435927867889, "model size (MB)": 9.788503646850586, "CPU memory usage (GB)": 1.7414436340332031}