{"training time (s)": 241.1470491886139, "model size (MB)": 5.947784423828125, "CPU memory usage (GB)": 1.8680000305175781}