{"training time (s)": 399.6375391483307, "model size (MB)": 10.726001739501953, "CPU memory usage (GB)": 1.8533401489257812}