{"training time (s)": 290.40347504615784, "model size (MB)": 6.976001739501953, "CPU memory usage (GB)": 1.8460540771484375}