{"training time (s)": 31.464457273483276, "model size (MB)": 0.8551607131958008, "CPU memory usage (GB)": 1.8569374084472656}