{"training time (s)": 232.46971201896667, "model size (MB)": 5.947805404663086, "CPU memory usage (GB)": 1.8235359191894531}