{"training time (s)": 381.68103218078613, "model size (MB)": 10.726015090942383, "CPU memory usage (GB)": 1.8600273132324219}