{"training time (s)": 372.32346630096436, "model size (MB)": 9.788515090942383, "CPU memory usage (GB)": 1.739349365234375}