{"training time (s)": 1194.9822659492493, "model size (MB)": 9.788503646850586, "CPU memory usage (GB)": 1.7459754943847656}