{"training time (s)": 1196.5511603355408, "model size (MB)": 5.947784423828125, "CPU memory usage (GB)": 1.863739013671875}