{"training time (s)": 140.09088802337646, "model size (MB)": 2.6337928771972656, "CPU memory usage (GB)": 1.7044143676757812}