{"training time (s)": 1556.0224468708038, "model size (MB)": 9.788503646850586, "CPU memory usage (GB)": 1.7430343627929688}