{"training time (s)": 800.3788313865662, "model size (MB)": 8.226011276245117, "CPU memory usage (GB)": 1.7400398254394531}