{"training time (s)": 918.2204577922821, "model size (MB)": 9.788503646850586, "CPU memory usage (GB)": 1.7453994750976562}