{"training time (s)": 926.8451998233795, "model size (MB)": 8.455392837524414, "CPU memory usage (GB)": 1.9634666442871094}