{"training time (s)": 552.5495581626892, "model size (MB)": 5.947784423828125, "CPU memory usage (GB)": 1.8318061828613281}