{"training time (s)": 742.6158373355865, "model size (MB)": 10.726015090942383, "CPU memory usage (GB)": 1.89691162109375}