{"training time (s)": 303.85941195487976, "model size (MB)": 5.947805404663086, "CPU memory usage (GB)": 1.8211860656738281}