{"training time (s)": 151.60618138313293, "model size (MB)": 10.726003646850586, "CPU memory usage (GB)": 1.8366851806640625}