{"training time (s)": 668.1870820522308, "model size (MB)": 10.72602653503418, "CPU memory usage (GB)": 1.8607711791992188}