{"training time (s)": 951.5536117553711, "model size (MB)": 5.947784423828125, "CPU memory usage (GB)": 1.8588485717773438}