{"training time (s)": 443.20411801338196, "model size (MB)": 10.726001739501953, "CPU memory usage (GB)": 1.8606224060058594}