{"training time (s)": 575.05326795578, "model size (MB)": 6.351003646850586, "CPU memory usage (GB)": 1.9140739440917969}