{"training time (s)": 523.2984035015106, "model size (MB)": 10.726001739501953, "CPU memory usage (GB)": 1.8374061584472656}