{"training time (s)": 792.9222757816315, "model size (MB)": 8.226036071777344, "CPU memory usage (GB)": 1.7455902099609375}