{"training time (s)": 195.8637673854828, "model size (MB)": 10.726024627685547, "CPU memory usage (GB)": 1.8746795654296875}