{"training time (s)": 90.73390173912048, "model size (MB)": 10.726003646850586, "CPU memory usage (GB)": 1.8326835632324219}