{"training time (s)": 372.1017699241638, "model size (MB)": 5.947793960571289, "CPU memory usage (GB)": 1.8466987609863281}