{"training time (s)": 436.92125940322876, "model size (MB)": 10.726003646850586, "CPU memory usage (GB)": 1.8762741088867188}