{"training time (s)": 1040.3143203258514, "model size (MB)": 8.22599983215332, "CPU memory usage (GB)": 1.7391242980957031}