{"training time (s)": 1244.685532093048, "model size (MB)": 12.913501739501953, "CPU memory usage (GB)": 1.900634765625}