{"training time (s)": 466.18787384033203, "model size (MB)": 5.947784423828125, "CPU memory usage (GB)": 1.9832878112792969}