{"training time (s)": 748.3705508708954, "model size (MB)": 8.226003646850586, "CPU memory usage (GB)": 1.8392524719238281}