{"training time (s)": 277.6292726993561, "model size (MB)": 9.788537979125977, "CPU memory usage (GB)": 1.7413749694824219}