{"training time (s)": 548.9720914363861, "model size (MB)": 5.947780609130859, "CPU memory usage (GB)": 1.8493232727050781}