{"training time (s)": 321.5721776485443, "model size (MB)": 10.726003646850586, "CPU memory usage (GB)": 1.8680953979492188}