{"training time (s)": 689.8158180713654, "model size (MB)": 5.947793960571289, "CPU memory usage (GB)": 1.8238716125488281}