{"training time (s)": 1477.6072309017181, "model size (MB)": 5.947784423828125, "CPU memory usage (GB)": 1.8598213195800781}