{"training time (s)": 376.84404706954956, "model size (MB)": 10.726003646850586, "CPU memory usage (GB)": 1.8385086059570312}