{"training time (s)": 155.34357237815857, "model size (MB)": 5.947782516479492, "CPU memory usage (GB)": 1.8255386352539062}