{"training time (s)": 736.065762758255, "model size (MB)": 10.726015090942383, "CPU memory usage (GB)": 1.8990936279296875}