{"training time (s)": 557.6333677768707, "model size (MB)": 9.788501739501953, "CPU memory usage (GB)": 1.7418594360351562}