{"training time (s)": 2195.646234512329, "model size (MB)": 9.788503646850586, "CPU memory usage (GB)": 1.7545127868652344}