{"training time (s)": 4512.35630106926, "model size (MB)": 62.288503646850586, "CPU memory usage (GB)": 2.7043800354003906}