{"training time (s)": 1314.7859134674072, "model size (MB)": 10.726003646850586, "CPU memory usage (GB)": 1.8524169921875}