{"training time (s)": 430.55745792388916, "model size (MB)": 5.947807312011719, "CPU memory usage (GB)": 1.8468818664550781}