{"training time (s)": 470.7819676399231, "model size (MB)": 5.947795867919922, "CPU memory usage (GB)": 1.8195419311523438}