{"training time (s)": 139.96759176254272, "model size (MB)": 9.788515090942383, "CPU memory usage (GB)": 1.739898681640625}