{"training time (s)": 1556.254225730896, "model size (MB)": 9.788503646850586, "CPU memory usage (GB)": 1.7249412536621094}