{"training time (s)": 1102.4076781272888, "model size (MB)": 10.72602653503418, "CPU memory usage (GB)": 1.8650283813476562}