{"training time (s)": 783.5576479434967, "model size (MB)": 5.947792053222656, "CPU memory usage (GB)": 1.7925834655761719}