{"training time (s)": 67.54374623298645, "model size (MB)": 0.8356294631958008, "CPU memory usage (GB)": 1.5614547729492188}