{"training time (s)": 1408.425214290619, "model size (MB)": 6.580415725708008, "CPU memory usage (GB)": 1.7651634216308594}