{"training time (s)": 801.2374482154846, "model size (MB)": 13.226003646850586, "CPU memory usage (GB)": 1.8735504150390625}