{"training time (s)": 1255.4569232463837, "model size (MB)": 4.697772979736328, "CPU memory usage (GB)": 1.7266654968261719}