{"training time (s)": 225.52189111709595, "model size (MB)": 10.726003646850586, "CPU memory usage (GB)": 1.8387680053710938}