{"training time (s)": 481.19051146507263, "model size (MB)": 5.947805404663086, "CPU memory usage (GB)": 1.8593788146972656}