{"training time (s)": 464.6311137676239, "model size (MB)": 9.788536071777344, "CPU memory usage (GB)": 1.7444190979003906}