{"training time (s)": 189.60204243659973, "model size (MB)": 9.78849983215332, "CPU memory usage (GB)": 1.7462501525878906}