{"training time (s)": 610.2732326984406, "model size (MB)": 10.726022720336914, "CPU memory usage (GB)": 1.8443870544433594}