{"training time (s)": 1068.5102698802948, "model size (MB)": 16.663537979125977, "CPU memory usage (GB)": 2.1127777099609375}