{"training time (s)": 263.20451188087463, "model size (MB)": 6.351015090942383, "CPU memory usage (GB)": 1.9838333129882812}