{"training time (s)": 143.41923022270203, "model size (MB)": 10.726036071777344, "CPU memory usage (GB)": 1.85028076171875}