{"training time (s)": 549.9542834758759, "model size (MB)": 8.42689323425293, "CPU memory usage (GB)": 1.9811134338378906}