{"training time (s)": 232.84925150871277, "model size (MB)": 9.788515090942383, "CPU memory usage (GB)": 1.7401161193847656}