{"training time (s)": 677.0576376914978, "model size (MB)": 10.72602653503418, "CPU memory usage (GB)": 1.8341522216796875}