{"training time (s)": 416.47897601127625, "model size (MB)": 9.788501739501953, "CPU memory usage (GB)": 1.7428550720214844}