{"training time (s)": 302.129106760025, "model size (MB)": 10.72601318359375, "CPU memory usage (GB)": 1.826873779296875}