{"training time (s)": 535.9374718666077, "model size (MB)": 5.947795867919922, "CPU memory usage (GB)": 1.8436508178710938}