{"training time (s)": 441.60437846183777, "model size (MB)": 10.726003646850586, "CPU memory usage (GB)": 2.0643959045410156}