{"training time (s)": 452.9784393310547, "model size (MB)": 9.788503646850586, "CPU memory usage (GB)": 1.7440986633300781}