{"training time (s)": 345.28534293174744, "model size (MB)": 8.226003646850586, "CPU memory usage (GB)": 1.8627395629882812}