{"training time (s)": 5964.210158586502, "model size (MB)": 39.163503646850586, "CPU memory usage (GB)": 2.3579864501953125}