{"training time (s)": 177.537757396698, "model size (MB)": 5.947780609130859, "CPU memory usage (GB)": 1.8473892211914062}