{"training time (s)": 477.3207755088806, "model size (MB)": 5.101003646850586, "CPU memory usage (GB)": 1.9226417541503906}