{"training time (s)": 221.04546689987183, "model size (MB)": 5.947784423828125, "CPU memory usage (GB)": 1.8244171142578125}