{"training time (s)": 611.5099215507507, "model size (MB)": 5.947803497314453, "CPU memory usage (GB)": 1.8512306213378906}