{"training time (s)": 974.6623380184174, "model size (MB)": 8.226003646850586, "CPU memory usage (GB)": 1.7320823669433594}