{"training time (s)": 707.6165318489075, "model size (MB)": 5.947780609130859, "CPU memory usage (GB)": 1.8357429504394531}