{"training time (s)": 726.4945733547211, "model size (MB)": 5.947784423828125, "CPU memory usage (GB)": 1.8548965454101562}